[
    {
        "id": 1,
        "images": {
          "img1": "assets/projects/architecture/5.jpg",
          "img2": "assets/projects/architecture/2.jpg",
          "img3": "assets/projects/architecture/3.jpg",
          "img4": "assets/projects/architecture/4.jpg",
          "img5": "assets/projects/architecture/1.jpg",
          "img6": "assets/projects/architecture/6.jpg",
          "img7": "assets/projects/architecture/7.jpg",
          "img8": "assets/projects/architecture/8.jpg"
        }
      },    {
        "id": 2,
        "images": {
          "img1": "assets/projects/landscape/1.webp",
          "img2": "assets/projects/landscape/2.webp",
          "img3": "assets/projects/landscape/3.webp",
          "img4": "assets/projects/landscape/4.webp",
          "img5": "assets/projects/landscape/5.webp",
          "img6": "assets/projects/landscape/6.webp",
          "img7": "assets/projects/landscape/7.webp",
          "img8": "assets/projects/landscape/8.webp"
        }
      },
      {
        "id": 3,
        "images": {
          "img1": "assets/projects/Interior Projects/APARNA CANOPY/2.jpg",
          "img2": "assets/projects/Interior Projects/GIRIDHAR RESIDENCE/2.jpg",
          "img3": "assets/projects/Interior Projects/KONDAPUR  HARIKRISHNA/2.jpg",
          "img4": "assets/projects/Interior Projects/MY HOME ANKURA/2.jpg",
          "img5": "assets/projects/Interior Projects/NAGESHWAR REDDY/2.jpg",
          "img6": "assets/projects/Interior Projects/NARASHIMHA REDDY/2.jpg",
          "img7": "assets/projects/Interior Projects/MY HOME ANKURA/4.jpg",
          "img8": "assets/projects/Interior Projects/NARASHIMHA REDDY/5.jpg"
        }
      },
      {
        "id": 4,
        "images": {
          "img1": "assets/projects/MasterPlan/1.jpg",
          "img2": "assets/projects/MasterPlan/2.jpg",
          "img3": "assets/projects/MasterPlan/3.jpg",
          "img4": "assets/projects/MasterPlan/4.jpg",
          "img5": "assets/projects/MasterPlan/5.jpg",
          "img6": "assets/projects/MasterPlan/6.jpg",
          "img7": "assets/projects/MasterPlan/7.jpg",
          "img8": "assets/projects/MasterPlan/8.jpg"
        }
      }

]